caseID,boarded,budget,memberCount,preferredClass,sex,age
111131089,0,2201,0,FIRST_AC,female,2
2489059216,0,1775,3,FIRST_AC,male,0
1565109576,1,1775,3,FIRST_AC,female,0
1373075087,1,1775,3,FIRST_AC,male,3
1598041082,1,1775,3,FIRST_AC,female,2
3825576434,0,852,0,FIRST_AC,male,4
644658844,0,1207,1,FIRST_AC,female,6
688816386,1,710,0,FIRST_AC,male,3
4255374887,0,1065,2,FIRST_AC,female,5
2728642656,1,994,0,FIRST_AC,male,7
405893896,1,2272,1,FIRST_AC,male,4
2034441712,0,2272,1,FIRST_AC,female,1
751662760,0,1136,0,FIRST_AC,female,2
1680934258,0,1207,0,FIRST_AC,female,2
960078707,0,923,0,FIRST_AC,male,8
3227368300,1,852,0,FIRST_AC,male,0
1014277769,1,2414,1,FIRST_AC,male,2
2248693767,0,2414,1,FIRST_AC,female,5
483498626,0,1207,0,FIRST_AC,female,3
2106429192,1,1207,0,FIRST_AC,male,3
43617165,0,1065,2,FIRST_AC,male,3
2071717196,0,1065,2,FIRST_AC,female,4
694475358,0,923,0,FIRST_AC,male,2
1229420300,0,2272,0,FIRST_AC,female,4
4022477925,0,2272,0,FIRST_AC,female,2
249813391,1,852,0,FIRST_AC,male,2
420123847,0,1349,1,FIRST_AC,male,2
3918871116,0,1349,1,FIRST_AC,female,1
3442159725,0,1633,0,FIRST_AC,female,3
1461749673,0,852,0,FIRST_AC,male,2
2096098264,1,923,0,FIRST_AC,male,4
807101454,0,923,0,FIRST_AC,male,4
3820192239,0,1846,0,FIRST_AC,female,3
1238282549,0,852,0,FIRST_AC,female,5
3095411035,1,852,0,FIRST_AC,male,4
3378049172,0,2556,0,FIRST_AC,female,4
2192339981,0,1065,1,FIRST_AC,female,2
1615186814,0,852,0,FIRST_AC,male,0
35224062,1,923,0,FIRST_AC,male,4
3145420116,1,1065,0,FIRST_AC,male,4
2971403894,1,923,0,FIRST_AC,male,0
172444479,0,852,0,FIRST_AC,female,4
541985474,0,1065,2,FIRST_AC,female,5
1647741975,0,1207,0,FIRST_AC,female,6
2835020383,0,1633,0,FIRST_AC,female,4
4144594636,1,852,0,FIRST_AC,male,4
290300466,1,923,0,FIRST_AC,male,0
4065572238,0,852,0,FIRST_AC,male,4
1102137377,0,852,0,FIRST_AC,female,5
457799785,0,4331,1,FIRST_AC,male,3
2812168921,0,4331,1,FIRST_AC,female,5
3515881329,1,710,0,FIRST_AC,male,3
4013452445,1,994,0,FIRST_AC,male,2
1722390038,1,994,0,FIRST_AC,male,1
3126678759,0,1562,3,FIRST_AC,male,1
1018189574,0,1562,3,FIRST_AC,female,1
2752761266,0,1562,3,FIRST_AC,male,3
135763329,0,1562,3,FIRST_AC,female,3
751374652,1,852,0,FIRST_AC,male,4
2450408484,0,852,0,FIRST_AC,female,0
3924676625,1,1207,1,FIRST_AC,male,3
1655713022,0,1207,1,FIRST_AC,female,7
2074959821,1,1136,1,FIRST_AC,male,4
2958239824,0,1136,1,FIRST_AC,female,4
1002840461,0,1065,1,FIRST_AC,male,2
1335938436,0,1065,1,FIRST_AC,female,3
1473251508,0,2556,0,FIRST_AC,female,3
2779170466,0,1278,0,FIRST_AC,female,3
1593971655,0,852,0,FIRST_AC,male,4
3343731831,0,1065,1,FIRST_AC,female,0
4227583555,1,710,0,FIRST_AC,male,0
4135916145,1,1633,1,FIRST_AC,male,2
864792900,0,1633,1,FIRST_AC,female,2
3310596408,0,1775,0,FIRST_AC,female,2
3476191610,1,1065,0,FIRST_AC,male,0
3743723392,1,852,0,FIRST_AC,male,4
287921891,0,1278,2,FIRST_AC,female,3
3594276050,1,1278,2,FIRST_AC,male,3
239633001,0,1278,2,FIRST_AC,female,6
3886928609,0,852,2,FIRST_AC,female,5
2432055747,1,852,0,FIRST_AC,male,0
3044606368,1,1207,2,FIRST_AC,male,7
3667647485,0,1207,2,FIRST_AC,female,3
1916252772,0,852,2,FIRST_AC,female,6
3650633887,1,1207,1,FIRST_AC,male,3
3826302661,0,1207,1,FIRST_AC,female,3
2132111592,0,852,0,FIRST_AC,male,5
537814143,0,923,0,FIRST_AC,male,2
248900860,0,1775,0,FIRST_AC,female,3
3954774396,1,1065,1,FIRST_AC,male,3
2701154349,0,1065,3,FIRST_AC,female,2
3972371824,0,1065,1,FIRST_AC,male,3
3544689437,0,1065,1,FIRST_AC,female,1
4077850127,0,1278,2,FIRST_AC,male,5
1179420194,0,1278,2,FIRST_AC,male,0
1876243408,0,1278,2,FIRST_AC,female,5
1464721018,1,1420,1,FIRST_AC,male,5
799062744,0,2414,2,FIRST_AC,female,2
1622540249,0,1420,1,FIRST_AC,female,4
3825131499,0,923,1,FIRST_AC,female,4
2553228374,0,1065,1,FIRST_AC,male,4
2168191447,1,852,0,FIRST_AC,male,3
2148596975,0,1278,1,FIRST_AC,female,2
2771172806,0,2272,0,FIRST_AC,female,3
2247092921,0,1207,1,FIRST_AC,female,5
4145903794,1,923,0,FIRST_AC,female,3
3544566363,1,2272,0,FIRST_AC,male,0
2364397973,0,923,0,FIRST_AC,female,0
1273360416,0,1491,0,FIRST_AC,female,0
1531525523,0,852,0,FIRST_AC,male,3
969184426,1,852,0,FIRST_AC,male,3
3371811437,0,2556,5,FIRST_AC,female,2
3675461550,0,2556,5,FIRST_AC,female,2
1126750372,0,2556,5,FIRST_AC,female,2
3789178439,1,2556,5,FIRST_AC,male,1
2805915913,1,2556,5,FIRST_AC,male,6
632953662,0,2556,5,FIRST_AC,female,6
2031508174,0,1065,0,FIRST_AC,female,3
3131813545,1,852,0,FIRST_AC,male,0
2012826839,0,1633,2,FIRST_AC,male,5
2904475365,0,852,1,FIRST_AC,male,4
2358118925,0,1633,1,FIRST_AC,female,0
2555563590,0,994,2,FIRST_AC,female,2
3025292935,0,1207,2,FIRST_AC,male,6
883416609,0,1207,2,FIRST_AC,female,4
3905774710,1,710,0,FIRST_AC,male,0
1306285616,1,1065,1,FIRST_AC,male,3
2247143090,0,1065,1,FIRST_AC,female,3
1901665303,1,923,0,FIRST_AC,male,4
1596656792,0,2201,0,FIRST_AC,female,3
1359157416,0,1065,1,FIRST_AC,female,2
108299364,0,1065,1,FIRST_AC,female,4
4031545898,1,1207,0,FIRST_AC,male,2
989819672,0,1278,1,FIRST_AC,male,4
74138890,0,1278,1,FIRST_AC,female,0
2974670288,1,923,0,FIRST_AC,male,7
350398421,0,852,0,FIRST_AC,male,5
4234085747,0,923,0,FIRST_AC,female,1
255220928,1,1775,1,FIRST_AC,male,3
1647410597,0,1775,1,FIRST_AC,female,5
989744972,0,1136,1,FIRST_AC,male,2
2253373910,0,1136,1,FIRST_AC,female,4
940539033,1,1207,0,FIRST_AC,male,4
32593072,0,1065,1,FIRST_AC,male,2
664766652,0,1065,1,FIRST_AC,female,2
338495304,0,1207,1,FIRST_AC,male,4
544790667,0,1207,1,FIRST_AC,female,4
2059103050,1,994,0,FIRST_AC,male,0
409094339,1,1278,1,FIRST_AC,male,4
735421327,0,1278,1,FIRST_AC,female,3
2450839490,1,710,0,FIRST_AC,male,4
1512110208,0,1207,0,FIRST_AC,male,2
1252641952,0,923,0,FIRST_AC,male,0
287335532,0,1278,0,FIRST_AC,female,2
3815785697,1,1349,2,FIRST_AC,male,5
90006867,0,1349,2,FIRST_AC,female,5
856962182,1,994,0,FIRST_AC,male,4
1966963148,1,1065,0,FIRST_AC,male,0
541122122,1,1065,0,FIRST_AC,male,5
1778013376,0,1065,1,FIRST_AC,female,1
88113871,0,1065,1,FIRST_AC,female,4
540077163,0,1207,1,FIRST_AC,female,5
1627663343,1,1065,1,FIRST_AC,male,4
2487307755,0,1065,1,FIRST_AC,female,3
4124558882,0,852,0,FIRST_AC,male,3
236420472,0,1349,1,FIRST_AC,male,3
4231573125,1,923,0,FIRST_AC,male,0
3495476409,0,1349,1,FIRST_AC,female,3
4266963855,0,1278,0,FIRST_AC,female,3
3358631204,1,852,0,FIRST_AC,female,5
1196843630,0,710,0,FIRST_AC,male,4
155463568,1,852,0,FIRST_AC,male,4
1299013717,1,852,0,FIRST_AC,male,5
3672998441,1,2201,0,FIRST_AC,male,3
1186482348,1,852,0,FIRST_AC,male,5
3199136829,1,1065,1,FIRST_AC,male,4
2505392381,0,1065,1,FIRST_AC,female,0
3321526230,0,1065,1,FIRST_AC,male,4
1815560974,0,1065,1,FIRST_AC,female,4
1656966309,1,852,0,FIRST_AC,male,0
3380496255,0,2201,0,FIRST_AC,female,3
1641598097,0,852,0,FIRST_AC,female,4
1135129874,0,1420,0,FIRST_AC,female,3
3885223679,0,4331,0,FIRST_AC,male,3
166408126,1,852,0,FIRST_AC,male,0
4087055439,1,852,0,FIRST_AC,male,4
1801745166,0,852,0,FIRST_AC,female,5
3260507980,0,923,1,FIRST_AC,female,1
246725092,0,923,1,FIRST_AC,female,5
2845760084,1,923,0,FIRST_AC,male,2
2950275634,0,1207,0,FIRST_AC,female,2
630912751,1,994,0,FIRST_AC,male,3
473803961,0,1704,0,FIRST_AC,female,5
2468866119,0,2201,1,FIRST_AC,female,1
721627059,1,852,0,FIRST_AC,male,3
754640370,0,1278,0,FIRST_AC,female,1
4025529405,0,852,0,FIRST_AC,male,0
1133991206,1,1065,1,FIRST_AC,male,1
1326639273,0,1065,1,FIRST_AC,female,1
4007816185,0,994,0,FIRST_AC,female,2
89425966,1,1207,0,FIRST_AC,male,4
2360529352,1,1065,0,FIRST_AC,male,5
1393472428,0,852,0,FIRST_AC,male,3
857290748,1,1278,1,FIRST_AC,male,2
3271156202,0,1278,1,FIRST_AC,female,0
2613140768,1,852,0,FIRST_AC,male,6
797364614,1,1349,2,FIRST_AC,male,4
3430931661,0,1349,1,FIRST_AC,female,3
4037052754,0,1349,1,FIRST_AC,female,3
1405460611,0,1065,1,FIRST_AC,male,3
585534727,1,923,0,FIRST_AC,male,5
2875291322,1,994,0,FIRST_AC,male,4
205170136,1,852,1,FIRST_AC,male,3
1085701638,0,1491,1,FIRST_AC,female,3
488031103,0,1491,1,FIRST_AC,female,2
3707762222,1,1491,2,FIRST_AC,male,5
293702704,0,852,2,FIRST_AC,female,1
1967938643,1,852,0,FIRST_AC,male,6
3834574171,0,1420,0,FIRST_AC,female,3
2902336456,0,852,0,FIRST_AC,male,0
382495076,0,1136,1,FIRST_AC,female,2
2650537457,1,1136,1,FIRST_AC,male,6
193733149,1,852,0,FIRST_AC,male,2
3806312660,1,710,0,FIRST_AC,male,0
3420172331,1,852,0,FIRST_AC,male,4
3515564110,1,1349,0,FIRST_AC,male,2
207532447,1,1136,1,FIRST_AC,male,2
2284975406,0,1136,1,FIRST_AC,female,2
3497471463,1,1420,1,FIRST_AC,male,1
2596974543,0,1420,1,FIRST_AC,female,1
4253591788,0,1349,0,FIRST_AC,female,3
788652541,0,923,0,FIRST_AC,male,5
1867286033,1,1065,0,FIRST_AC,male,4
2226459070,0,1278,1,FIRST_AC,female,5
3159925216,1,710,0,FIRST_AC,male,3
1715177706,0,923,0,FIRST_AC,male,0
1126023492,1,1633,0,FIRST_AC,male,2
1770507292,1,2272,0,FIRST_AC,male,0
4008354466,0,2201,1,FIRST_AC,female,4
2644229710,1,1065,0,FIRST_AC,male,3
3822443988,0,852,0,FIRST_AC,male,4
3026185690,1,1065,0,FIRST_AC,male,0
464042170,0,852,0,FIRST_AC,female,3
3876828159,1,1207,0,FIRST_AC,male,4
76970183,1,994,0,FIRST_AC,male,3
3693075801,0,1278,0,FIRST_AC,female,3
1314459177,1,1065,1,FIRST_AC,male,5
1767179752,0,1065,1,FIRST_AC,female,5
655552798,1,852,0,FIRST_AC,male,3
81244516,0,2556,4,FIRST_AC,male,1
518983891,0,2556,4,FIRST_AC,female,1
769118997,0,2556,4,FIRST_AC,female,2
2378034696,1,2556,4,FIRST_AC,male,6
1622882321,0,2556,4,FIRST_AC,female,4
4094410555,0,923,0,FIRST_AC,male,0
3734648288,0,1136,0,FIRST_AC,female,2
3670381849,0,852,0,FIRST_AC,male,0
154506414,0,1065,1,FIRST_AC,female,3
3496314300,0,923,0,FIRST_AC,female,3
3143486340,0,852,0,FIRST_AC,male,3
4009009723,0,1775,0,FIRST_AC,female,4
3846772894,0,852,0,FIRST_AC,male,3
4091445512,1,1065,1,FIRST_AC,male,5
951636924,0,1065,1,FIRST_AC,female,3
4201709845,0,923,0,FIRST_AC,male,5
3626056029,0,923,0,FIRST_AC,male,2
843855259,1,852,0,FIRST_AC,male,5
4248051182,1,923,0,FIRST_AC,male,5
1908512042,1,1136,1,FIRST_AC,male,2
3163282817,1,852,0,FIRST_AC,male,0
1231538849,0,1136,1,FIRST_AC,female,1
4089657265,0,1278,1,FIRST_AC,male,2
2044836531,0,1278,1,FIRST_AC,female,2
3904676851,0,1633,2,FIRST_AC,male,0
175319143,0,1633,2,FIRST_AC,male,4
1197466433,0,1633,2,FIRST_AC,female,4
3943026682,1,1704,1,FIRST_AC,male,5
3815357550,0,1704,1,FIRST_AC,female,0
672738880,0,923,0,FIRST_AC,male,3
4118167324,1,852,0,FIRST_AC,male,6
2383054502,0,1065,1,FIRST_AC,male,5
993151071,0,1065,1,FIRST_AC,female,4
2779058288,0,1207,1,FIRST_AC,female,5
3658579285,1,852,0,FIRST_AC,male,0
2393974364,0,1278,0,FIRST_AC,female,6
308145610,1,2272,1,FIRST_AC,male,6
1753717046,1,2272,1,FIRST_AC,female,6
643397390,1,923,0,FIRST_AC,male,6
2715160069,0,852,0,FIRST_AC,female,4
521511229,0,1207,2,FIRST_AC,female,1
436773662,1,1207,2,FIRST_AC,male,5
2466734432,0,1207,2,FIRST_AC,female,3
2341986980,0,1065,1,FIRST_AC,male,4
3465003456,0,1065,1,FIRST_AC,female,0
18246592,1,1491,2,FIRST_AC,male,4
1971095711,0,1491,2,FIRST_AC,male,1
1860717783,0,1491,2,FIRST_AC,female,3
4244721184,0,1207,0,FIRST_AC,female,0
4230928089,0,852,0,FIRST_AC,male,3
4109181016,1,852,0,FIRST_AC,male,4
2191296988,1,923,0,FIRST_AC,male,6
1250922285,1,923,0,FIRST_AC,male,4
2796520312,0,4331,0,FIRST_AC,female,3
2895475061,1,1207,1,FIRST_AC,male,6
2970296249,0,1207,1,FIRST_AC,female,6
2761947663,1,852,0,FIRST_AC,male,6
2034086683,1,1207,1,FIRST_AC,male,5
2232801677,1,1207,1,FIRST_AC,male,2
1717525441,0,1633,0,FIRST_AC,female,5
789982524,0,1846,2,FIRST_AC,female,3
3502164164,1,1846,2,FIRST_AC,male,5
1669415926,0,1846,2,FIRST_AC,female,4
3248386211,1,2201,2,FIRST_AC,male,5
1547970648,1,2201,2,FIRST_AC,male,2
2552315917,0,2201,2,FIRST_AC,female,5
3633624742,0,852,0,FIRST_AC,female,2
1198871995,1,1136,1,FIRST_AC,male,5
3310104876,0,1136,1,FIRST_AC,male,2
1344265927,1,923,0,FIRST_AC,male,0
216352926,0,1633,0,FIRST_AC,female,3
70885446,0,923,0,FIRST_AC,male,0
3967052794,1,852,0,FIRST_AC,male,6
644571082,0,1633,0,FIRST_AC,female,3
451037269,1,852,1,SECOND_AC,male,3
1743303220,0,852,1,SECOND_AC,female,2
893728331,1,781,0,SECOND_AC,male,3
4080010588,1,781,0,SECOND_AC,male,1
124473010,1,781,0,SECOND_AC,male,2
2018742279,1,852,1,SECOND_AC,male,3
3764600594,0,852,1,SECOND_AC,female,3
486200577,1,781,0,SECOND_AC,male,5
833898304,1,781,0,SECOND_AC,male,1
2661077799,1,781,0,SECOND_AC,male,2
2802502400,0,781,0,SECOND_AC,female,3
3155357792,1,781,0,SECOND_AC,male,2
3879109994,1,781,0,SECOND_AC,male,5
3921761396,0,852,1,SECOND_AC,male,3
3771198246,0,852,1,SECOND_AC,female,1
3887479741,1,852,0,SECOND_AC,male,2
3955322503,0,923,3,SECOND_AC,male,0
751029469,0,923,3,SECOND_AC,female,0
58651130,0,923,3,SECOND_AC,female,1
2376063096,0,923,3,SECOND_AC,female,3
4135983888,0,781,0,SECOND_AC,male,3
2315362404,0,781,0,SECOND_AC,female,1
1727488568,1,781,0,SECOND_AC,male,2
2752833937,1,781,0,SECOND_AC,male,2
472757273,1,781,0,SECOND_AC,male,4
1145548278,1,781,0,SECOND_AC,male,2
164415748,0,781,0,SECOND_AC,female,2
996959037,0,923,2,SECOND_AC,female,1
3644831661,1,923,2,SECOND_AC,male,6
532330317,0,923,2,SECOND_AC,female,4
1515321979,0,852,1,SECOND_AC,female,2
2831952049,1,852,1,SECOND_AC,male,2
92348285,0,781,0,SECOND_AC,female,3
4257374016,1,781,0,SECOND_AC,male,2
813279679,1,781,0,SECOND_AC,male,4
1524003379,0,781,0,SECOND_AC,female,4
348374138,0,852,2,SECOND_AC,male,0
2500740753,0,852,2,SECOND_AC,male,2
4203280741,0,852,2,SECOND_AC,female,2
237746809,0,852,0,SECOND_AC,female,3
3476353030,1,710,0,SECOND_AC,male,0
1329351536,1,781,0,SECOND_AC,male,1
4043976935,1,852,1,SECOND_AC,female,4
592733623,1,852,1,SECOND_AC,male,5
2967105794,1,781,0,SECOND_AC,male,5
1687009259,1,852,1,SECOND_AC,male,3
3480553080,1,852,1,SECOND_AC,female,2
3603816033,0,923,2,SECOND_AC,female,2
847253616,0,923,2,SECOND_AC,female,4
856342635,1,852,1,SECOND_AC,male,2
1100635685,0,852,1,SECOND_AC,female,2
3303919785,1,781,0,SECOND_AC,male,2
2451000405,1,781,0,SECOND_AC,male,2
1124865059,0,781,0,SECOND_AC,male,2
4228172766,0,852,2,SECOND_AC,female,0
4121682454,1,852,2,SECOND_AC,male,3
2332156133,0,852,2,SECOND_AC,female,3
3628037443,0,781,0,SECOND_AC,female,2
3362553157,1,781,0,SECOND_AC,female,3
699947777,1,852,0,SECOND_AC,female,0
40017005,1,781,0,SECOND_AC,male,2
2789737848,1,710,0,SECOND_AC,male,0
3001651306,0,923,2,SECOND_AC,male,0
4035587919,1,1207,0,SECOND_AC,male,1
1631984997,0,923,2,SECOND_AC,female,4
2608308381,0,781,0,SECOND_AC,female,2
1354187360,1,781,0,SECOND_AC,male,3
2832649250,1,1207,0,SECOND_AC,male,1
3287906013,1,852,1,SECOND_AC,male,2
940546890,0,852,1,SECOND_AC,female,2
547352987,1,923,0,SECOND_AC,male,2
2105971329,1,1207,0,SECOND_AC,male,1
2353143295,0,852,1,SECOND_AC,female,1
916660923,0,852,1,SECOND_AC,female,3
4205407583,1,852,0,SECOND_AC,male,5
658566179,0,923,2,SECOND_AC,male,0
1160996816,1,923,2,SECOND_AC,male,4
439071604,0,923,2,SECOND_AC,female,3
1669372543,0,781,1,SECOND_AC,female,2
720004499,0,781,1,SECOND_AC,female,3
3154658615,1,781,0,SECOND_AC,male,2
2832258310,1,781,0,SECOND_AC,male,2
3266800973,1,781,0,SECOND_AC,male,1
1111532195,1,852,1,SECOND_AC,male,4
1291560470,0,852,1,SECOND_AC,female,2
765560578,1,781,0,SECOND_AC,male,1
1401800543,1,781,0,SECOND_AC,male,3
3578328205,1,710,0,SECOND_AC,male,0
23689310,1,781,0,SECOND_AC,female,3
2506127744,1,852,0,SECOND_AC,male,3
2440443704,1,852,1,SECOND_AC,male,3
233626526,1,852,1,SECOND_AC,male,3
2718212088,0,781,0,SECOND_AC,female,3
1987924526,1,852,0,SECOND_AC,male,1
4263940410,1,781,0,SECOND_AC,male,2
1384844799,1,781,0,SECOND_AC,male,4
798352120,1,781,1,SECOND_AC,male,2
4254382476,1,781,1,SECOND_AC,male,2
1002073285,1,781,0,SECOND_AC,male,2
1729685894,1,781,0,SECOND_AC,male,2
2140024436,1,781,0,SECOND_AC,male,3
4282869561,1,781,0,SECOND_AC,male,3
385941504,1,781,0,SECOND_AC,male,5
1207949280,1,781,0,SECOND_AC,male,3
932728203,0,781,2,SECOND_AC,male,0
3260218182,0,781,2,SECOND_AC,female,2
833072409,1,781,0,SECOND_AC,male,4
3510822318,0,923,1,SECOND_AC,female,0
3910892284,1,923,1,SECOND_AC,male,2
1183208844,0,781,0,SECOND_AC,male,6
1824946311,1,781,0,SECOND_AC,male,3
1256226220,0,852,2,SECOND_AC,female,0
1756796166,1,852,2,SECOND_AC,male,4
3249054747,0,852,2,SECOND_AC,female,4
1312821483,0,1136,3,SECOND_AC,female,2
4047482488,0,1136,3,SECOND_AC,female,2
2442744081,1,1136,3,SECOND_AC,male,4
101946307,0,1136,3,SECOND_AC,female,4
2695398238,0,781,0,SECOND_AC,female,5
503577741,1,1207,2,SECOND_AC,male,2
1362802492,1,1207,2,SECOND_AC,male,3
2274410345,1,1207,2,SECOND_AC,male,2
3401648422,1,781,2,SECOND_AC,female,1
3092991901,0,852,3,SECOND_AC,female,2
1027310223,1,781,3,SECOND_AC,male,2
804917765,1,781,0,SECOND_AC,male,3
1559425573,0,852,4,SECOND_AC,female,5
3732841419,1,781,0,SECOND_AC,male,5
927022811,1,852,1,SECOND_AC,male,4
559840069,0,852,1,SECOND_AC,female,2
2454127639,1,1207,0,SECOND_AC,male,2
1057954752,0,781,0,SECOND_AC,male,4
2702995478,1,852,1,SECOND_AC,male,6
4163980686,1,852,1,SECOND_AC,female,6
112507540,1,781,0,SECOND_AC,male,3
4020283319,0,781,0,SECOND_AC,female,1
2633264658,1,852,1,SECOND_AC,male,4
2829278827,0,852,3,SECOND_AC,female,2
3293166459,1,781,0,SECOND_AC,male,4
1970785154,1,923,2,SECOND_AC,male,2
3339299422,1,923,2,SECOND_AC,male,2
10117913,1,781,0,SECOND_AC,male,3
381697772,0,781,0,SECOND_AC,female,2
322810904,1,852,1,SECOND_AC,male,3
151107501,0,852,1,SECOND_AC,female,2
4070854030,1,852,0,SECOND_AC,female,2
386924159,0,781,0,SECOND_AC,female,0
497078275,1,781,0,SECOND_AC,male,3
3780403266,0,781,0,SECOND_AC,female,4
3698630225,1,781,0,SECOND_AC,male,5
395823015,1,710,0,SECOND_AC,male,0
450577603,1,781,0,SECOND_AC,male,3
3426440576,1,852,2,SECOND_AC,female,2
2640036736,1,852,2,SECOND_AC,male,3
2977762629,1,781,0,SECOND_AC,male,0
936664258,0,994,3,SECOND_AC,female,0
3768248513,0,994,3,SECOND_AC,female,0
3248916897,1,994,3,SECOND_AC,male,2
159920423,0,994,3,SECOND_AC,female,2
2220118861,0,781,0,SECOND_AC,female,1
1276680243,0,923,0,SECOND_AC,female,0
634282948,0,781,0,SECOND_AC,female,3
2280485723,1,781,0,SECOND_AC,male,3
1167294486,1,781,0,SECOND_AC,male,2
3125161007,1,781,0,SECOND_AC,male,6
3663341939,1,852,1,SECOND_AC,male,5
2324078334,0,852,1,SECOND_AC,female,4
3448559693,1,781,0,SECOND_AC,female,5
1815329128,1,781,0,SECOND_AC,male,0
833728707,0,923,2,SECOND_AC,male,0
1611862603,1,923,2,SECOND_AC,male,3
2205219787,0,923,2,SECOND_AC,female,2
460956361,1,781,0,SECOND_AC,male,0
2770443431,1,781,0,SECOND_AC,male,3
622889877,1,781,0,SECOND_AC,male,4
160223871,1,781,0,SECOND_AC,male,3
2049879143,1,781,0,SECOND_AC,male,3
973906639,1,852,0,SECOND_AC,male,4
3396235879,0,781,1,SECOND_AC,female,1
1438182997,0,781,1,SECOND_AC,female,4
3668342211,0,781,0,SECOND_AC,male,1
971667684,1,781,0,SECOND_AC,male,3
2455638003,1,781,0,SECOND_AC,male,4
351086895,1,781,0,SECOND_AC,male,7
3910378414,1,781,0,SECOND_AC,male,2
4232488029,1,781,0,SECOND_AC,male,5
2701532124,1,852,0,SECOND_AC,male,3
3269328635,1,781,0,SECOND_AC,male,1
2748494136,1,710,0,SECOND_AC,male,6
1192917910,1,923,1,SECOND_AC,male,3
1618709446,0,923,1,SECOND_AC,female,1
1927063531,0,852,2,SECOND_AC,male,0
1878517699,0,852,2,SECOND_AC,male,0
1489904074,1,852,2,SECOND_AC,male,3
994087346,1,781,0,SECOND_AC,male,2
744745284,1,923,2,SECOND_AC,male,1
3629292921,1,781,0,SECOND_AC,male,2
131845821,0,781,0,SECOND_AC,male,2
1967812541,0,781,0,SECOND_AC,female,2
965904631,1,781,0,SECOND_AC,male,3
67722335,0,781,0,SECOND_AC,male,2
1806829776,0,781,0,SECOND_AC,male,0
4175528040,1,781,0,SECOND_AC,male,2
4048175266,0,781,0,SECOND_AC,male,2
3784724991,1,781,0,SECOND_AC,male,2
3599380083,1,710,0,SECOND_AC,male,0
2364160232,0,852,1,SECOND_AC,female,5
794645340,1,781,0,SECOND_AC,male,1
4195565169,1,781,0,SECOND_AC,male,0
1718469504,1,781,0,SECOND_AC,male,4
1684082941,0,852,1,SECOND_AC,female,2
1623718645,0,852,0,SECOND_AC,female,1
1759746571,1,852,1,SECOND_AC,male,4
307346774,0,781,0,SECOND_AC,female,3
229802733,1,781,0,SECOND_AC,male,3
4271533865,0,781,0,SECOND_AC,male,3
687667751,1,781,0,SECOND_AC,male,2
617008091,0,852,2,SECOND_AC,female,0
3331553379,0,852,2,SECOND_AC,female,0
2638955104,0,852,2,SECOND_AC,female,3
534720573,1,781,0,SECOND_AC,male,3
3067568571,1,852,1,SECOND_AC,male,3
3719160027,0,852,3,SECOND_AC,female,3
3545373880,0,781,0,SECOND_AC,female,2
3129134066,1,781,0,SECOND_AC,male,2
380611746,0,781,2,SECOND_AC,male,0
3536033724,0,781,2,SECOND_AC,male,0
3937354216,0,781,5,SECOND_AC,female,2
1191809196,0,781,0,SECOND_AC,female,5
3946093582,1,781,0,SECOND_AC,male,1
600545065,0,781,0,SECOND_AC,female,2
2574783676,1,781,0,SECOND_AC,male,2
3884660763,1,781,0,SECOND_AC,male,2
2911464899,1,852,0,SECOND_AC,male,2
2523035164,0,852,1,SECOND_AC,female,2
2713744030,0,781,2,SECOND_AC,female,1
1192186208,0,923,0,SECOND_AC,female,2
1313111914,0,781,0,SECOND_AC,female,3
2789726716,1,781,0,SECOND_AC,male,5
500141225,0,781,0,SECOND_AC,female,3
1579915827,1,781,0,SECOND_AC,male,3
147596428,0,781,0,SECOND_AC,female,4
3921643631,1,781,0,SECOND_AC,male,2
2811752492,1,781,0,SECOND_AC,male,4
599099480,1,781,0,SECOND_AC,male,2
3322844692,1,781,0,SECOND_AC,male,1
2707781219,1,1136,0,SECOND_AC,male,1
1696018500,0,781,0,SECOND_AC,female,5
233463880,1,781,0,SECOND_AC,male,2
2581409136,0,781,0,SECOND_AC,female,2
1761775866,0,781,0,SECOND_AC,female,2
2789174310,1,852,1,SECOND_AC,male,2
3945138606,1,852,1,SECOND_AC,female,2
3264851666,1,781,0,SECOND_AC,male,4
2066928770,0,852,0,SECOND_AC,female,3
4289115057,1,852,1,SECOND_AC,male,3
3494889664,1,781,1,SECOND_AC,male,2
3327120405,0,852,0,SECOND_AC,female,3
1413918224,1,710,0,SECOND_AC,male,0
3547034721,0,781,0,SECOND_AC,female,1
3205634840,0,781,0,SECOND_AC,female,4
1548606561,0,781,0,SECOND_AC,female,3
1068286089,1,852,1,SECOND_AC,male,2
1400473749,0,852,1,SECOND_AC,female,2
3328589531,0,852,2,SECOND_AC,male,0
1451165066,0,852,2,SECOND_AC,female,0
2964155565,0,852,2,SECOND_AC,female,2
3851767726,0,852,3,SECOND_AC,female,0
2034900763,0,852,3,SECOND_AC,female,0
941806509,1,852,3,SECOND_AC,male,3
197466531,0,852,3,SECOND_AC,female,3
237212626,1,781,0,SECOND_AC,male,6
3992093727,1,781,0,SECOND_AC,male,0
3703206908,0,781,0,SECOND_AC,male,3
1020548795,0,781,0,SECOND_AC,male,0
3292184309,0,781,0,SECOND_AC,female,2
1516976870,1,781,0,SECOND_AC,female,2
2005861373,1,710,0,THIRD_AC,male,4
4198679985,1,852,2,THIRD_AC,male,1
445224827,1,852,2,THIRD_AC,male,1
2540672320,0,852,2,THIRD_AC,female,3
1358450795,0,710,0,THIRD_AC,female,1
1772554557,0,710,0,THIRD_AC,male,2
2457367506,0,710,0,THIRD_AC,male,2
2925941736,0,710,0,THIRD_AC,female,1
1096276965,1,710,0,THIRD_AC,male,3
3315513127,1,710,0,THIRD_AC,male,2
2230853356,1,710,1,THIRD_AC,female,4
192372568,0,710,1,THIRD_AC,male,0
4154539890,0,710,1,THIRD_AC,female,1
3678257455,0,781,0,THIRD_AC,male,2
2817336855,1,710,0,THIRD_AC,male,2
3794114350,1,710,0,THIRD_AC,male,2
3125665183,1,710,0,THIRD_AC,male,2
4127708885,1,710,0,THIRD_AC,male,2
3352662561,1,710,0,THIRD_AC,male,3
3353279439,1,710,0,THIRD_AC,male,1
2995159482,1,852,0,THIRD_AC,male,3
4133585842,0,710,1,THIRD_AC,female,1
3195224783,1,923,6,THIRD_AC,male,0
1335109636,1,923,6,THIRD_AC,female,0
3313084257,1,923,6,THIRD_AC,female,0
327825564,0,710,6,THIRD_AC,female,1
4248618030,1,710,6,THIRD_AC,female,3
768190489,1,923,6,THIRD_AC,female,0
1255031957,1,923,6,THIRD_AC,female,1
2133892079,1,923,6,THIRD_AC,male,3
104160856,0,710,0,THIRD_AC,male,2
1501543747,1,710,0,THIRD_AC,male,2
754533363,1,923,6,THIRD_AC,female,3
1883854243,1,710,0,THIRD_AC,male,2
2531948866,1,710,0,THIRD_AC,male,2
3299952459,1,781,1,THIRD_AC,male,2
2504896537,1,781,1,THIRD_AC,female,1
2749584121,1,710,0,THIRD_AC,male,2
3768986649,1,710,0,THIRD_AC,male,3
2681380783,1,923,6,THIRD_AC,male,0
30850011,1,923,6,THIRD_AC,male,0
2588182630,0,923,6,THIRD_AC,male,0
740661708,1,923,6,THIRD_AC,male,1
2470692404,0,923,6,THIRD_AC,female,0
1187181315,1,923,6,THIRD_AC,male,4
3310903752,0,710,0,THIRD_AC,male,2
3921351837,0,923,6,THIRD_AC,female,3
4024104853,0,710,0,THIRD_AC,female,4
1102276565,1,710,0,THIRD_AC,male,2
2065475205,1,710,0,THIRD_AC,male,2
4157305208,1,781,0,THIRD_AC,female,1
127689749,1,710,0,THIRD_AC,male,3
1312207476,1,710,0,THIRD_AC,male,2
3502753238,0,710,0,THIRD_AC,female,1
194520006,1,710,0,THIRD_AC,male,2
2557563279,1,781,1,THIRD_AC,male,3
3627958805,0,781,3,THIRD_AC,female,3
2629915898,0,781,3,THIRD_AC,female,0
3556713892,0,781,3,THIRD_AC,female,0
2049870908,0,781,3,THIRD_AC,female,0
3029196514,0,781,3,THIRD_AC,female,2
23419576,0,710,0,THIRD_AC,female,1
1323519446,1,710,0,THIRD_AC,male,4
2537064679,1,710,0,THIRD_AC,male,2
35068896,0,710,0,THIRD_AC,male,2
3525535454,1,781,1,THIRD_AC,female,1
3402234945,1,781,1,THIRD_AC,female,4
3636917254,1,710,0,THIRD_AC,female,2
3967119470,1,710,0,THIRD_AC,male,2
2208116890,1,710,0,THIRD_AC,male,1
1526019522,1,710,0,THIRD_AC,male,2
1028328633,1,710,0,THIRD_AC,male,2
3676028621,1,710,0,THIRD_AC,male,0
1430849734,1,710,0,THIRD_AC,male,2
91303198,0,1065,0,THIRD_AC,male,3
3636307444,1,710,0,THIRD_AC,male,2
3652286891,1,710,0,THIRD_AC,male,1
1196303551,1,710,0,THIRD_AC,male,2
2278875938,1,781,2,THIRD_AC,male,0
17660355,1,781,2,THIRD_AC,female,0
2605349343,1,710,0,THIRD_AC,male,0
4246775756,1,781,2,THIRD_AC,female,0
1709340858,1,710,2,THIRD_AC,female,0
3451235674,1,781,2,THIRD_AC,male,4
933279864,1,781,2,THIRD_AC,female,3
2737790343,1,781,0,THIRD_AC,male,2
3871553268,0,710,0,THIRD_AC,female,2
2161057486,1,710,0,THIRD_AC,female,2
2234845275,1,710,1,THIRD_AC,male,2
631079192,1,710,1,THIRD_AC,male,2
1319074391,1,710,0,THIRD_AC,male,2
3579158752,1,710,0,THIRD_AC,male,3
1909597619,1,710,0,THIRD_AC,female,1
163746544,0,710,0,THIRD_AC,male,2
8214042,1,710,0,THIRD_AC,male,1
3501388376,1,710,0,THIRD_AC,female,1
2425934821,1,710,0,THIRD_AC,female,2
4292796487,1,710,0,THIRD_AC,female,3
33301516,1,710,0,THIRD_AC,male,1
2547527086,1,710,0,THIRD_AC,male,3
1267636559,1,710,0,THIRD_AC,male,1
1277990922,1,710,0,THIRD_AC,male,1
4194318402,1,710,0,THIRD_AC,female,2
3225973490,1,710,0,THIRD_AC,male,2
1461799524,1,710,0,THIRD_AC,male,2
4001360069,1,781,1,THIRD_AC,male,0
2963072701,1,781,1,THIRD_AC,female,0
676762849,1,710,0,THIRD_AC,male,2
3347583239,1,710,0,THIRD_AC,male,2
1154858427,0,710,0,THIRD_AC,female,1
890730503,1,710,0,THIRD_AC,female,3
3172538204,1,710,0,THIRD_AC,male,2
1263513914,1,710,0,THIRD_AC,male,2
981814252,1,710,0,THIRD_AC,male,2
3800631349,0,1065,0,THIRD_AC,male,3
586513655,1,710,0,THIRD_AC,male,2
2637162043,1,781,1,THIRD_AC,male,2
825308595,1,781,1,THIRD_AC,male,1
3142968490,1,710,0,THIRD_AC,male,2
2936355578,0,710,0,THIRD_AC,male,1
2582591660,1,710,0,THIRD_AC,male,2
1756404360,1,710,0,THIRD_AC,male,3
3182192831,1,710,0,THIRD_AC,male,2
2694917545,1,710,0,THIRD_AC,male,3
2109005941,1,710,0,THIRD_AC,male,3
2135518258,0,710,0,THIRD_AC,female,2
951711684,1,710,0,THIRD_AC,female,3
2091840335,1,710,0,THIRD_AC,male,7
3027920721,1,710,0,THIRD_AC,male,4
3653748678,1,710,0,THIRD_AC,male,3
4245454263,1,710,0,THIRD_AC,male,2
882592733,1,710,0,THIRD_AC,male,1
1920402768,1,710,0,THIRD_AC,male,3
1161913577,0,781,2,THIRD_AC,male,0
2399368899,0,781,2,THIRD_AC,male,0
3053944568,0,781,2,THIRD_AC,female,3
1651934206,1,710,0,THIRD_AC,male,5
19466263,1,710,0,THIRD_AC,male,1
982434444,0,781,1,THIRD_AC,female,1
3679142314,1,781,1,THIRD_AC,male,4
403224415,1,710,0,THIRD_AC,male,1
3622222637,1,710,0,THIRD_AC,male,2
4144169258,0,710,0,THIRD_AC,male,4
1719873544,1,781,0,THIRD_AC,female,2
2925214890,1,781,0,THIRD_AC,male,1
3887905562,0,710,0,THIRD_AC,female,3
2182622123,0,710,0,THIRD_AC,male,2
2939702529,1,781,2,THIRD_AC,male,0
3014661416,1,781,2,THIRD_AC,male,3
876468479,1,781,2,THIRD_AC,female,2
3493169790,1,710,0,THIRD_AC,male,2
151953439,1,710,0,THIRD_AC,male,2
1109762745,1,852,2,THIRD_AC,male,2
2205278808,1,710,0,THIRD_AC,male,2
1949810530,1,852,2,THIRD_AC,male,2
2365955717,1,710,2,THIRD_AC,male,1
3949385240,1,781,1,THIRD_AC,male,0
3613597202,0,781,1,THIRD_AC,female,0
1634891233,0,781,1,THIRD_AC,male,3
3573707300,0,781,1,THIRD_AC,female,3
1288019686,0,710,0,THIRD_AC,male,3
282568759,1,710,0,THIRD_AC,male,1
3698112693,0,852,3,THIRD_AC,male,0
2387424033,0,852,3,THIRD_AC,female,0
2301911726,1,852,3,THIRD_AC,male,2
3538824368,0,852,3,THIRD_AC,female,3
858089399,1,710,0,THIRD_AC,male,2
3781860244,1,710,0,THIRD_AC,male,0
1028268605,1,710,0,THIRD_AC,male,0
3858621454,1,710,0,THIRD_AC,male,2
4206632926,1,710,0,THIRD_AC,male,3
3826796197,0,710,0,THIRD_AC,female,1
1026117831,1,710,0,THIRD_AC,male,1
330232237,1,710,0,THIRD_AC,male,4
826231632,1,710,0,THIRD_AC,male,4
3642140032,1,710,0,THIRD_AC,male,0
1145735948,1,710,0,THIRD_AC,male,3
2944898741,0,710,0,THIRD_AC,male,1
2955529007,0,781,0,THIRD_AC,female,3
820282907,1,710,0,THIRD_AC,female,2
2519009491,0,710,0,THIRD_AC,female,2
4206077610,1,710,0,THIRD_AC,male,3
4279165356,1,710,0,THIRD_AC,male,6
4143163995,0,710,0,THIRD_AC,male,2
780453535,1,781,1,THIRD_AC,male,2
2477579035,0,781,1,THIRD_AC,female,2
1566179144,1,710,0,THIRD_AC,male,1
3939961708,1,710,0,THIRD_AC,male,1
409239811,1,710,0,THIRD_AC,male,4
379291257,1,710,0,THIRD_AC,male,0
3058494909,1,710,2,THIRD_AC,male,3
545811472,1,710,2,THIRD_AC,male,1
747616951,1,710,2,THIRD_AC,male,1
1079994762,1,710,0,THIRD_AC,male,4
3342727130,0,781,0,THIRD_AC,female,0
2994644550,1,710,0,THIRD_AC,male,0
3343880480,1,781,0,THIRD_AC,male,4
160338474,1,710,0,THIRD_AC,male,4
2960803687,0,710,0,THIRD_AC,male,0
1767361414,1,710,0,THIRD_AC,male,1
441943931,1,710,0,THIRD_AC,female,0
1122425297,1,710,0,THIRD_AC,male,0
2664078239,1,710,0,THIRD_AC,male,0
1999184999,1,710,0,THIRD_AC,male,2
4010825584,1,710,0,THIRD_AC,male,0
334590737,0,1065,0,THIRD_AC,male,0
2768084968,1,923,4,THIRD_AC,female,2
2610885066,1,923,4,THIRD_AC,female,0
3449194809,1,710,0,THIRD_AC,male,0
3567654073,1,923,4,THIRD_AC,male,1
2551855167,1,923,4,THIRD_AC,male,1
3693449503,1,923,4,THIRD_AC,female,4
135810292,1,710,0,THIRD_AC,male,0
2501499302,1,710,0,THIRD_AC,male,0
112124964,1,710,0,THIRD_AC,male,2
3862860225,1,781,0,THIRD_AC,male,0
3103631742,1,710,0,THIRD_AC,male,0
1439336896,1,710,0,THIRD_AC,male,2
1126924972,0,710,0,THIRD_AC,female,1
1725486003,0,710,0,THIRD_AC,female,0
2214513036,0,852,2,THIRD_AC,male,0
3641287406,1,852,2,THIRD_AC,male,3
3489895171,1,710,0,THIRD_AC,male,4
435793816,0,852,2,THIRD_AC,female,3
2224811411,1,710,0,THIRD_AC,male,3
936607025,1,994,7,THIRD_AC,male,0
1429618021,1,994,7,THIRD_AC,male,0
2186368617,1,994,7,THIRD_AC,male,1
3155413124,1,994,7,THIRD_AC,female,1
2443829568,1,994,7,THIRD_AC,female,1
1057614201,1,994,7,THIRD_AC,male,1
3419173019,1,994,7,THIRD_AC,male,4
2914397129,1,994,7,THIRD_AC,female,4
2816365028,1,710,0,THIRD_AC,male,5
4069323363,1,710,0,THIRD_AC,male,3
1761632850,1,710,0,THIRD_AC,male,0
3188176404,1,710,0,THIRD_AC,male,2
2659677934,1,710,2,THIRD_AC,male,3
3232033124,1,710,2,THIRD_AC,male,2
249037901,1,710,0,THIRD_AC,male,1
940854316,1,710,0,THIRD_AC,female,2
813935801,1,710,0,THIRD_AC,female,1
4273310129,1,781,1,THIRD_AC,male,0
1632946418,1,781,1,THIRD_AC,male,0
3961601243,1,781,1,THIRD_AC,male,2
720982492,0,781,1,THIRD_AC,female,2
2940803355,1,710,0,THIRD_AC,male,2
3832649056,1,710,0,THIRD_AC,male,2
87362673,1,781,2,THIRD_AC,male,4
1959528740,1,710,1,THIRD_AC,male,2
3153376781,1,710,0,THIRD_AC,male,2
3156450307,0,781,1,THIRD_AC,female,4
516937594,1,710,0,THIRD_AC,female,0
1211504226,1,710,0,THIRD_AC,male,2
1717985964,1,710,0,THIRD_AC,male,0
2946864871,1,781,0,THIRD_AC,male,1
1611530409,0,710,0,THIRD_AC,female,0
3989949203,0,710,0,THIRD_AC,male,2
3301116830,0,1065,0,THIRD_AC,male,0
2821704391,1,710,0,THIRD_AC,female,1
1622168234,0,710,0,THIRD_AC,female,2
3610337720,1,710,0,THIRD_AC,female,2
3528004392,0,710,0,THIRD_AC,female,2
3481746555,1,710,0,THIRD_AC,male,2
1505904670,1,710,0,THIRD_AC,female,2
281775715,1,710,0,THIRD_AC,female,0
3970263727,0,781,1,THIRD_AC,female,0
3883386370,0,781,2,THIRD_AC,female,2
1529056729,1,710,0,THIRD_AC,male,4
2875620099,1,852,0,THIRD_AC,male,2
3234730057,0,710,0,THIRD_AC,female,2
1434828607,1,710,0,THIRD_AC,male,0
378517845,0,710,0,THIRD_AC,female,0
3805483194,1,710,0,THIRD_AC,male,4
1971529011,0,710,0,THIRD_AC,male,0
2131162891,1,710,0,THIRD_AC,male,3
4261670740,1,710,0,THIRD_AC,male,0
2967820454,1,710,1,THIRD_AC,female,2
2718981589,1,710,1,THIRD_AC,female,2
2302950012,1,710,0,THIRD_AC,male,0
1226649617,0,710,0,THIRD_AC,male,2
1882487286,0,710,0,THIRD_AC,male,2
2763249878,1,710,0,THIRD_AC,male,0
2005438962,1,710,0,THIRD_AC,male,2
1297908091,1,710,0,THIRD_AC,male,4
3487506835,1,710,1,THIRD_AC,male,1
3308562867,0,710,0,THIRD_AC,female,0
3885438368,0,710,0,THIRD_AC,male,0
40544401,1,710,0,THIRD_AC,male,3
4006558041,0,710,0,THIRD_AC,male,2
2999097352,1,710,0,THIRD_AC,male,2
77171310,1,710,0,THIRD_AC,male,3
46048104,1,710,0,THIRD_AC,male,3
3412326686,1,710,0,THIRD_AC,male,2
639822614,0,781,2,THIRD_AC,male,0
2874308171,0,781,2,THIRD_AC,female,0
215231142,1,710,0,THIRD_AC,male,4
522890504,1,710,0,THIRD_AC,male,3
2234121834,1,710,0,THIRD_AC,male,1
778223751,0,781,2,THIRD_AC,female,2
3873491830,1,852,3,THIRD_AC,male,0
1395964716,1,852,3,THIRD_AC,female,0
2073476190,1,852,3,THIRD_AC,male,0
4128598480,1,852,3,THIRD_AC,female,0
2552444141,1,710,0,THIRD_AC,male,2
3155694877,0,710,0,THIRD_AC,male,3
2040808200,1,710,0,THIRD_AC,male,2
1522098706,1,710,1,THIRD_AC,female,2
1807144654,1,710,1,THIRD_AC,female,2
3435340784,0,710,0,THIRD_AC,male,3
2048970426,1,710,0,THIRD_AC,male,1
3427818741,1,710,0,THIRD_AC,male,2
36065264,1,710,0,THIRD_AC,male,3
3964524240,0,710,0,THIRD_AC,male,2
720690896,1,710,0,THIRD_AC,male,3
667493837,1,710,0,THIRD_AC,male,2
2850141758,0,781,1,THIRD_AC,female,0
2553867829,0,781,1,THIRD_AC,male,3
1123270633,1,710,0,THIRD_AC,male,0
2913943642,1,710,0,THIRD_AC,male,1
1196581348,1,710,0,THIRD_AC,male,0
3668730055,1,710,0,THIRD_AC,male,0
3925991372,0,710,0,THIRD_AC,female,0
849400598,0,710,0,THIRD_AC,female,0
3947514405,1,710,0,THIRD_AC,male,3
4177137325,1,710,0,THIRD_AC,male,4
588999935,0,710,0,THIRD_AC,male,0
3873929000,1,781,1,THIRD_AC,male,0
3973779875,1,781,1,THIRD_AC,female,0
1546536746,1,710,1,THIRD_AC,male,0
3251158774,1,710,1,THIRD_AC,male,0
390347679,1,710,0,THIRD_AC,male,0
1766901298,1,710,2,THIRD_AC,female,2
629567495,1,710,2,THIRD_AC,male,2
2522252835,0,852,2,THIRD_AC,female,0
309452882,0,852,4,THIRD_AC,male,2
594681599,0,852,2,THIRD_AC,female,2
3683714221,1,781,2,THIRD_AC,female,0
2216384925,1,710,2,THIRD_AC,male,1
422824799,1,781,2,THIRD_AC,female,3
3329640751,1,710,0,THIRD_AC,male,0
1074066934,0,710,0,THIRD_AC,male,2
2465512676,1,710,0,THIRD_AC,male,0
3155914450,1,710,0,THIRD_AC,female,3
551933244,1,710,0,THIRD_AC,male,0
2557183492,0,1065,0,THIRD_AC,male,0
4240904252,1,1065,0,THIRD_AC,male,0
920117836,0,710,0,THIRD_AC,female,2
1264339838,1,710,0,THIRD_AC,male,0
2030182748,0,1065,0,THIRD_AC,male,2
1334241748,1,710,0,THIRD_AC,male,2
3908367269,1,710,0,THIRD_AC,male,2
2217165989,1,710,0,THIRD_AC,male,2
925479167,0,710,0,THIRD_AC,male,2
2474083439,1,852,4,THIRD_AC,male,0
212584044,1,852,4,THIRD_AC,female,0
1914010010,1,852,4,THIRD_AC,female,0
2686552327,1,852,4,THIRD_AC,female,0
3848076662,1,852,4,THIRD_AC,female,0
193244462,1,710,0,THIRD_AC,male,3
1422388419,1,710,0,THIRD_AC,male,3
4082400510,1,781,1,THIRD_AC,female,0
1302517738,1,781,1,THIRD_AC,male,0
1964108248,1,710,0,THIRD_AC,male,3
2872521538,1,852,0,THIRD_AC,male,3
61232265,1,710,0,THIRD_AC,male,2
2041345547,1,710,0,THIRD_AC,female,2
4186350087,1,710,0,THIRD_AC,female,4
505837023,1,781,1,THIRD_AC,male,3
2560330447,1,781,1,THIRD_AC,female,3
66696287,0,710,1,THIRD_AC,male,2
1287373729,1,710,0,THIRD_AC,male,0
4088034093,1,1065,0,THIRD_AC,male,2
2438640961,1,710,0,THIRD_AC,male,0
2162174927,1,781,1,THIRD_AC,male,3
2728739324,1,781,1,THIRD_AC,female,2
3477997972,1,710,0,THIRD_AC,male,0
3341004410,1,710,0,THIRD_AC,male,2
1272519396,0,710,0,THIRD_AC,male,2
180836816,1,710,0,THIRD_AC,male,5
3386031913,0,710,0,THIRD_AC,female,2
79540355,0,710,0,THIRD_AC,male,3
2416180392,1,710,0,THIRD_AC,male,0
3197784903,1,710,0,THIRD_AC,male,0
1149110518,0,710,0,THIRD_AC,female,0
2838893184,0,710,0,THIRD_AC,male,2
1589666289,1,710,0,THIRD_AC,male,2
3568520237,1,710,0,THIRD_AC,female,0
1130784384,1,710,0,THIRD_AC,male,0
4019509882,1,710,0,THIRD_AC,male,0
1941401541,1,710,0,THIRD_AC,male,2
744533151,0,710,0,THIRD_AC,male,0
3874105194,1,710,0,THIRD_AC,female,3
311573498,0,710,0,THIRD_AC,female,0
2769596643,1,710,0,THIRD_AC,male,0
1590329728,1,710,0,THIRD_AC,male,3
3673881646,1,710,0,THIRD_AC,male,3
3851324507,0,710,0,THIRD_AC,female,0
2880820518,1,710,0,THIRD_AC,male,0
3205013366,0,710,0,THIRD_AC,female,0
1777959063,0,710,0,THIRD_AC,male,0
164242074,0,852,2,THIRD_AC,female,0
1881707220,0,852,2,THIRD_AC,female,0
1388609033,0,852,2,THIRD_AC,male,0
3806787522,0,710,0,THIRD_AC,female,0
2703969105,1,781,0,THIRD_AC,male,0
1045616268,0,710,0,THIRD_AC,female,0
2078591007,0,710,0,THIRD_AC,female,1
440836534,1,710,0,THIRD_AC,female,3
374177347,1,710,0,THIRD_AC,male,0
2303340390,1,781,1,THIRD_AC,male,2
1141430869,1,781,1,THIRD_AC,female,1
3689514533,1,710,0,THIRD_AC,female,0
3269430882,1,710,0,THIRD_AC,female,0
2406193618,1,710,0,THIRD_AC,female,0
2453982246,1,710,0,THIRD_AC,male,5
1867712981,1,710,0,THIRD_AC,male,0
4061512283,0,710,0,THIRD_AC,male,2
2722253333,1,710,0,THIRD_AC,male,0
3624432863,1,710,0,THIRD_AC,male,2
1429641322,1,710,0,THIRD_AC,male,2
442383346,1,710,0,THIRD_AC,male,2
3890083881,1,710,0,THIRD_AC,male,0
17879681,0,710,0,THIRD_AC,female,0
1795935748,1,710,0,THIRD_AC,male,2
3004878114,0,781,1,THIRD_AC,male,0
3964990108,0,781,1,THIRD_AC,female,2
3846802341,1,710,0,THIRD_AC,male,0
2333556061,0,852,1,THIRD_AC,female,0
1637274001,1,852,1,THIRD_AC,male,0
2489539432,1,710,0,THIRD_AC,male,0
3375715589,1,710,0,THIRD_AC,male,3
2695171667,1,710,0,THIRD_AC,male,0
3448989141,0,710,0,THIRD_AC,male,0
305229475,0,781,2,THIRD_AC,male,0
3852422174,0,781,2,THIRD_AC,male,0
3850659843,0,781,2,THIRD_AC,female,0
1157069366,0,710,0,THIRD_AC,female,0
361517504,1,710,0,THIRD_AC,male,0
1158722606,0,710,0,THIRD_AC,female,0
3428532518,0,710,0,THIRD_AC,female,2
2239511870,1,710,0,THIRD_AC,male,0
3403352886,0,781,1,THIRD_AC,female,0
1480051320,0,781,1,THIRD_AC,female,0
3947391740,0,781,0,THIRD_AC,female,0
2694828641,1,710,0,THIRD_AC,male,1
2733817778,1,710,0,THIRD_AC,male,2
1533066902,0,710,0,THIRD_AC,female,1
1412343310,0,781,2,THIRD_AC,female,0
3071364104,0,781,2,THIRD_AC,male,2
2779466931,0,781,2,THIRD_AC,female,1
1693127087,1,710,0,THIRD_AC,male,3
2326585046,1,710,0,THIRD_AC,male,0
106577089,1,710,0,THIRD_AC,male,0
2410613890,1,710,0,THIRD_AC,female,0
2001085518,1,710,0,THIRD_AC,male,0
2653929210,0,781,1,THIRD_AC,male,1
4117670250,0,781,1,THIRD_AC,female,1
3630521124,1,710,0,THIRD_AC,female,2
4290878565,1,710,0,THIRD_AC,male,2
966920966,0,710,0,THIRD_AC,female,1
897184268,0,710,0,THIRD_AC,female,2
3944108261,1,710,0,THIRD_AC,male,2
2305332837,1,710,0,THIRD_AC,male,4
3546527844,0,710,0,THIRD_AC,male,3
1896241610,1,710,0,THIRD_AC,male,2
2225155050,1,710,0,THIRD_AC,male,2
323018166,0,710,0,THIRD_AC,female,2
2181803289,1,710,0,THIRD_AC,male,6
3825183663,1,781,1,THIRD_AC,male,0
3135028729,1,710,0,THIRD_AC,male,0
2469557026,0,781,1,THIRD_AC,female,0
723797863,1,710,0,THIRD_AC,male,0
625259003,1,710,0,THIRD_AC,male,0
1149846555,1,710,0,THIRD_AC,male,0
13739336,1,710,0,THIRD_AC,male,2
4028537299,1,710,0,THIRD_AC,female,0
2671558839,0,710,0,THIRD_AC,female,0
4070807499,0,710,0,THIRD_AC,female,0
2988503113,0,710,0,THIRD_AC,female,2
2756844711,0,710,0,THIRD_AC,male,0
2579572394,0,710,0,THIRD_AC,female,0
3154315792,0,710,1,THIRD_AC,male,0
3691540480,1,852,0,THIRD_AC,male,2
760271630,1,710,1,THIRD_AC,male,4
2553952070,1,710,0,THIRD_AC,male,0
3116131949,1,710,0,THIRD_AC,female,3
3785882617,1,710,0,THIRD_AC,male,2
2824222415,0,710,0,THIRD_AC,male,3
2358430005,1,710,0,THIRD_AC,male,2
4262376367,1,710,0,THIRD_AC,female,2
3880182693,1,710,0,THIRD_AC,female,2
4073399869,1,710,0,THIRD_AC,male,2
3851071192,1,710,0,THIRD_AC,male,1
2902788124,0,710,0,THIRD_AC,female,3
2151333561,1,710,0,THIRD_AC,female,0
4183662124,1,852,4,THIRD_AC,male,0
52870345,1,852,4,THIRD_AC,male,0
1122958699,1,852,4,THIRD_AC,female,0
2297387302,1,852,4,THIRD_AC,female,0
1018570343,1,852,4,THIRD_AC,female,2
220495425,1,923,5,THIRD_AC,male,0
1167231005,1,923,5,THIRD_AC,male,0
759887714,1,923,5,THIRD_AC,male,0
2863653791,1,923,5,THIRD_AC,male,1
448367514,1,923,5,THIRD_AC,male,1
142553832,1,923,5,THIRD_AC,female,4
1157958540,1,710,0,THIRD_AC,male,2
2766327187,1,781,0,THIRD_AC,male,1
1821802214,1,710,0,THIRD_AC,male,0
2857798234,1,710,0,THIRD_AC,male,3
1339217770,1,781,2,THIRD_AC,male,0
3479915089,1,781,2,THIRD_AC,female,0
3826665637,1,781,2,THIRD_AC,female,2
2535965118,1,710,0,THIRD_AC,male,0
3160835532,1,710,0,THIRD_AC,male,0
3525149322,1,710,0,THIRD_AC,male,0
1821012632,1,710,0,THIRD_AC,male,2
3578808791,1,710,0,THIRD_AC,male,2
560933035,1,710,0,THIRD_AC,male,2
1191087703,0,710,1,THIRD_AC,male,2
4107907750,0,852,2,THIRD_AC,male,0
4198750000,0,852,2,THIRD_AC,female,0
745451751,0,852,2,THIRD_AC,female,0
3837300370,1,710,0,THIRD_AC,female,0
3616799641,1,710,0,THIRD_AC,male,2
971619408,1,710,0,THIRD_AC,female,2
636544381,1,710,0,THIRD_AC,male,1
4002470135,1,710,0,THIRD_AC,male,0
703544266,1,710,1,THIRD_AC,male,2
1045360563,1,710,0,THIRD_AC,female,1
2644715819,0,710,0,THIRD_AC,male,3
2419999386,1,710,0,THIRD_AC,male,0
3622936251,1,710,0,THIRD_AC,male,1
525638598,1,710,0,THIRD_AC,male,2
2738491532,1,710,0,THIRD_AC,male,0
1466611958,1,710,0,THIRD_AC,female,0
879351174,1,710,0,THIRD_AC,male,0
3025449323,1,710,0,THIRD_AC,male,0
4101693586,1,710,0,THIRD_AC,male,3
3431975377,1,710,0,THIRD_AC,male,2
2179974513,1,852,5,THIRD_AC,male,1
3284985203,1,852,5,THIRD_AC,male,0
3195662836,1,852,5,THIRD_AC,male,0
1274228537,1,852,5,THIRD_AC,male,0
1224145633,1,852,5,THIRD_AC,male,0
2443482294,1,852,5,THIRD_AC,female,3
4111354221,1,923,0,THIRD_AC,female,2
872059322,1,710,0,THIRD_AC,male,3
2040343578,0,710,0,THIRD_AC,female,0
3917854098,1,781,0,THIRD_AC,male,0
1161751897,1,781,0,THIRD_AC,female,0
3958285896,1,781,1,THIRD_AC,male,5
2714755279,1,781,1,THIRD_AC,female,4
122409593,1,710,0,THIRD_AC,male,0
3793489558,1,710,0,THIRD_AC,male,0
2168303068,1,852,2,THIRD_AC,female,0
2686609134,1,852,2,THIRD_AC,male,1
4156682087,1,852,2,THIRD_AC,female,4
2042477345,0,710,0,THIRD_AC,female,0
3621211155,1,710,0,THIRD_AC,male,5
753041673,1,710,0,THIRD_AC,male,1
3064750112,0,710,0,THIRD_AC,male,0
2949735458,1,852,0,THIRD_AC,male,0
4022086092,1,710,0,THIRD_AC,male,0
452285814,1,710,0,THIRD_AC,male,2
4129561599,1,710,0,THIRD_AC,male,0
2630809606,1,710,0,THIRD_AC,male,0
1967237686,1,710,0,THIRD_AC,male,0
769039898,1,710,0,THIRD_AC,male,3
329671444,1,1136,10,THIRD_AC,male,0
1074297283,1,1136,10,THIRD_AC,male,1
2990328158,1,1136,10,THIRD_AC,female,0
4250066232,1,1136,10,THIRD_AC,female,0
2084202944,1,1136,10,THIRD_AC,female,0
797839851,1,1136,10,THIRD_AC,female,0
3324614075,1,1136,10,THIRD_AC,male,0
1095420822,1,1136,10,THIRD_AC,male,0
3768397059,1,1136,10,THIRD_AC,male,0
1456724744,1,1136,10,THIRD_AC,male,0
2394543705,1,1136,10,THIRD_AC,female,0
3781384532,1,710,0,THIRD_AC,male,2
1859417698,0,710,0,THIRD_AC,female,2
71388850,1,710,0,THIRD_AC,male,3
2007727507,1,852,2,THIRD_AC,male,0
4244283195,1,852,2,THIRD_AC,male,0
746650426,1,852,2,THIRD_AC,male,0
2690325042,0,781,2,THIRD_AC,female,0
170630049,0,781,2,THIRD_AC,female,2
2405732022,0,781,2,THIRD_AC,female,0
902182135,0,710,0,THIRD_AC,male,2
4126487289,1,710,0,THIRD_AC,male,2
3561145069,1,710,0,THIRD_AC,male,2
2813703501,1,710,0,THIRD_AC,male,0
4013428728,1,710,0,THIRD_AC,male,0
1577866463,1,710,0,THIRD_AC,male,0
2026691335,0,710,0,THIRD_AC,male,2
3025564448,1,781,0,THIRD_AC,male,0
1650883884,0,710,0,THIRD_AC,female,0
2774426083,1,710,0,THIRD_AC,male,0
3399942736,1,710,0,THIRD_AC,male,0
3456810768,1,710,0,THIRD_AC,male,2
2556208619,1,710,0,THIRD_AC,male,0
3551043054,1,710,0,THIRD_AC,male,4
2838322544,1,710,0,THIRD_AC,male,2
3406775045,0,710,0,THIRD_AC,female,1
4200898527,1,852,5,THIRD_AC,male,0
2307003908,1,852,5,THIRD_AC,male,1
3649990071,1,852,5,THIRD_AC,female,0
526054610,1,852,5,THIRD_AC,female,0
560145304,1,852,5,THIRD_AC,male,4
4241787798,1,852,5,THIRD_AC,female,4
3432406882,1,710,0,THIRD_AC,male,0
3933923194,1,710,0,THIRD_AC,male,0
1401298180,1,710,0,THIRD_AC,male,0
74679710,1,710,0,THIRD_AC,male,0
372784440,0,710,0,THIRD_AC,female,0
2034938327,1,710,0,THIRD_AC,male,1
3522453954,1,710,0,THIRD_AC,male,3
1053086401,1,710,0,THIRD_AC,male,0
1157936657,1,710,0,THIRD_AC,male,3
123229700,1,710,0,THIRD_AC,male,0
1701839952,1,710,0,THIRD_AC,male,3
476942925,0,710,0,THIRD_AC,female,2
1267885893,1,710,0,THIRD_AC,male,2
502621210,1,710,0,THIRD_AC,male,6
1156360267,1,710,0,THIRD_AC,male,1
1300799201,1,710,0,THIRD_AC,female,2
345831781,0,710,0,THIRD_AC,male,3
1855077013,1,710,0,THIRD_AC,male,2
4192633328,1,781,1,THIRD_AC,female,0
3361513981,1,781,2,THIRD_AC,female,2
2286162474,0,710,0,THIRD_AC,male,1
1640464201,0,710,0,THIRD_AC,male,4
216808031,1,710,0,THIRD_AC,male,2
209048766,1,710,0,THIRD_AC,male,7
2722891258,0,710,0,THIRD_AC,male,1
2366637519,1,710,0,THIRD_AC,male,2
835619966,0,710,0,THIRD_AC,male,2
1348585736,1,710,0,THIRD_AC,male,3
4059887433,0,710,1,THIRD_AC,male,0
2409381125,1,710,1,THIRD_AC,male,0
4061510958,1,710,0,THIRD_AC,male,0
3723368247,1,710,0,THIRD_AC,male,0
2437352730,0,710,2,THIRD_AC,female,1
3760344493,1,710,0,THIRD_AC,male,0
4051168889,1,781,1,THIRD_AC,male,0
653746757,0,781,1,THIRD_AC,female,0
2848178659,1,710,0,THIRD_AC,male,3
2942955508,1,710,0,THIRD_AC,male,0
579629843,1,710,0,THIRD_AC,male,0
4146732758,1,710,0,THIRD_AC,male,3
879055717,1,710,0,THIRD_AC,male,4
3119433745,1,710,0,THIRD_AC,male,0
4032372335,0,710,0,THIRD_AC,male,2
55618154,1,710,0,THIRD_AC,male,0
713829327,0,781,2,THIRD_AC,male,0
3106903822,0,781,2,THIRD_AC,female,0
1102258334,0,781,2,THIRD_AC,female,2
2835104553,1,710,0,THIRD_AC,male,3
696194279,0,710,0,THIRD_AC,female,1
1643017292,0,710,0,THIRD_AC,female,6
1558744,1,781,2,THIRD_AC,male,0
1915464950,1,781,2,THIRD_AC,male,1
3381793748,1,781,2,THIRD_AC,male,4
2560600742,1,852,2,THIRD_AC,female,1
3727710868,1,852,2,THIRD_AC,male,3
225565116,1,852,2,THIRD_AC,female,3
817700225,1,710,0,THIRD_AC,male,0
394224303,1,710,0,THIRD_AC,male,3
1554989286,1,710,0,THIRD_AC,male,2
3760562107,1,710,0,THIRD_AC,male,2
3890502231,1,710,0,THIRD_AC,male,4
4050319576,1,781,2,THIRD_AC,female,1
2237469225,1,781,3,THIRD_AC,male,3
129613399,1,781,2,THIRD_AC,male,1
1345585595,1,781,1,THIRD_AC,female,3
140984144,0,710,0,THIRD_AC,male,2
775432539,1,710,0,THIRD_AC,male,2
4167564521,1,710,0,THIRD_AC,female,1
2136665060,1,710,0,THIRD_AC,male,2
2559374631,1,710,0,THIRD_AC,male,2
3684453347,1,710,0,THIRD_AC,male,0
2775652749,1,710,0,THIRD_AC,male,0
3924695930,1,710,0,THIRD_AC,male,0
4157597305,1,710,0,THIRD_AC,male,3
3630672728,0,710,0,THIRD_AC,female,3
3560621202,1,710,0,THIRD_AC,male,5
3233117140,1,710,1,THIRD_AC,male,1
3508839888,1,710,1,THIRD_AC,male,2
3840328157,0,710,1,THIRD_AC,female,4
1937808492,1,710,0,THIRD_AC,male,0
2252473388,1,710,0,THIRD_AC,male,0
3650015454,1,710,0,THIRD_AC,male,0
1520092092,1,781,0,THIRD_AC,male,2
3983823363,1,710,0,THIRD_AC,male,2
1358150127,1,710,0,THIRD_AC,male,2
757472934,1,710,0,THIRD_AC,male,0
3240163979,1,710,0,THIRD_AC,male,3
3491257026,1,781,1,THIRD_AC,male,2
2398948842,0,781,1,THIRD_AC,female,1
3869887857,1,710,0,THIRD_AC,male,4
1753047971,1,710,0,THIRD_AC,male,0
665270194,1,781,0,THIRD_AC,male,0
1925158549,1,781,1,THIRD_AC,female,1
884139566,1,781,1,THIRD_AC,female,0
3599043515,1,710,0,THIRD_AC,male,2
956944496,1,710,0,THIRD_AC,male,2
3100624207,1,710,0,THIRD_AC,male,2
3068255754,1,710,0,NO_PREF,,0
